patient,CT-only_ssim,CT-only_psnr,CT-only_mssim,CT-only_mpsnr,CT-only_lpips,CT-only_imad_ratio,coarse-only_ssim,coarse-only_psnr,coarse-only_mssim,coarse-only_mpsnr,coarse-only_lpips,coarse-only_imad_ratio,BridgeRefine-L1_ssim,BridgeRefine-L1_psnr,BridgeRefine-L1_mssim,BridgeRefine-L1_mpsnr,BridgeRefine-L1_lpips,BridgeRefine-L1_imad_ratio,SelfRDB_ssim,SelfRDB_psnr,SelfRDB_mssim,SelfRDB_mpsnr,SelfRDB_lpips,SelfRDB_imad_ratio,BridgeGAN_ssim,BridgeGAN_psnr,BridgeGAN_mssim,BridgeGAN_mpsnr,BridgeGAN_lpips,BridgeGAN_imad_ratio,SynDiff_ssim,SynDiff_psnr,SynDiff_mssim,SynDiff_mpsnr,SynDiff_lpips,SynDiff_imad_ratio,MG-CycleGAN_ssim,MG-CycleGAN_psnr,MG-CycleGAN_mssim,MG-CycleGAN_mpsnr,MG-CycleGAN_lpips,MG-CycleGAN_imad_ratio,BridgeRefine-L1-seed123_ssim,BridgeRefine-L1-seed123_psnr,BridgeRefine-L1-seed123_mssim,BridgeRefine-L1-seed123_mpsnr,BridgeRefine-L1-seed123_lpips,BridgeRefine-L1-seed123_imad_ratio,BridgeRefine-L1-seed2026_ssim,BridgeRefine-L1-seed2026_psnr,BridgeRefine-L1-seed2026_mssim,BridgeRefine-L1-seed2026_mpsnr,BridgeRefine-L1-seed2026_lpips,BridgeRefine-L1-seed2026_imad_ratio
1BA012,0.8594,20.4401,0.8851,19.8272,0.1260,0.8515,0.8469,20.4820,0.8661,19.9702,0.1564,1.4911,0.8784,21.4633,0.8968,20.7563,0.1106,0.9763,0.6327,17.6286,0.7845,15.5989,0.2483,3.9106,0.8702,20.6436,0.8890,19.9747,0.0548,1.3379,0.8198,19.5048,0.8639,19.2719,0.1072,1.5431,0.8473,20.1259,0.8777,19.1777,0.0626,1.1507,0.8772,21.42,0.8955,20.63,0.1138,1.0101,0.8745,21.51,0.8969,20.68,0.1076,0.9782
1BA091,0.8626,21.6756,0.8927,20.7848,0.1157,0.8245,0.8399,20.4949,0.8651,19.6374,0.1624,1.3531,0.8705,21.7801,0.8941,21.0450,0.1090,0.9209,0.6344,17.6530,0.7860,15.6402,0.2353,3.6074,0.8541,20.6558,0.8793,19.8271,0.0632,1.2968,0.8252,20.0802,0.8736,19.4798,0.1014,1.5095,0.8298,20.3671,0.8683,19.3021,0.0718,1.1341,0.8733,21.70,0.8967,20.80,0.1127,0.9796,0.8574,21.41,0.8854,20.55,0.1082,0.9451
1BA100,0.8572,20.0090,0.8789,17.9290,0.1200,0.8843,0.8328,18.9981,0.8513,17.1449,0.1608,1.3781,0.8700,20.2722,0.8867,18.2130,0.1159,0.9528,0.6305,16.9372,0.7769,14.5690,0.2396,3.5319,0.8688,19.7070,0.8854,17.9515,0.0671,1.2532,0.8132,18.8471,0.8555,17.1391,0.1109,1.5512,0.8405,19.2954,0.8681,17.2895,0.0781,1.1344,0.8643,20.02,0.8813,18.14,0.1193,0.9869,0.8583,19.90,0.8786,17.89,0.1154,0.9498
1BA116,0.8329,20.0964,0.8574,19.2048,0.1442,0.7744,0.8199,19.4413,0.8384,18.4908,0.1932,1.3500,0.8473,20.3090,0.8672,19.3132,0.1416,0.9251,0.5999,17.1007,0.7626,14.5741,0.2732,3.6556,0.8446,19.7390,0.8651,18.7510,0.0733,1.3278,0.7876,18.7413,0.8331,18.0065,0.1293,1.5357,0.8194,19.4636,0.8533,18.1287,0.0792,1.1077,0.8453,20.48,0.8653,19.64,0.1379,0.9683,0.8357,20.35,0.8587,19.22,0.1346,0.9415
1BA184,0.8518,20.0182,0.8837,16.8714,0.1176,0.9354,0.8156,18.7955,0.8456,15.6950,0.1656,1.3557,0.8560,19.8806,0.8813,16.6322,0.1184,1.0077,0.6147,16.7394,0.7814,13.7577,0.2517,3.5772,0.8347,18.7909,0.8653,15.6037,0.0796,1.3305,0.7926,18.0513,0.8456,14.9156,0.1185,1.5099,0.8235,18.7755,0.8615,15.5345,0.0794,1.1845,0.8553,19.89,0.8820,16.67,0.1228,1.0483,0.8514,20.04,0.8828,16.79,0.1139,1.0073
1BA222,0.8743,21.9979,0.9041,21.0900,0.1057,0.8790,0.8442,20.5662,0.8737,19.6303,0.1499,1.3239,0.8834,22.1823,0.9071,21.1335,0.1041,0.9227,0.6346,17.9156,0.8068,15.5015,0.2528,3.4973,0.8676,20.8089,0.8952,19.7601,0.0663,1.2327,0.8270,20.3840,0.8793,19.5940,0.1027,1.4324,0.8488,20.5784,0.8869,19.1351,0.0726,1.1325,0.8841,22.32,0.9094,21.40,0.1021,0.9700,0.8836,22.57,0.9119,21.37,0.1006,0.9296
1BA256,0.8721,21.8912,0.9008,19.2190,0.1054,0.8532,0.8388,20.3680,0.8653,17.8399,0.1580,1.3125,0.8757,21.8621,0.9004,19.3444,0.1049,0.9434,0.6252,17.9155,0.7997,14.8265,0.2510,3.4221,0.8539,20.5398,0.8846,17.8541,0.0686,1.2865,0.8199,20.0037,0.8708,17.5757,0.1047,1.4187,0.8451,20.7375,0.8827,17.8299,0.0664,1.1456,0.8766,21.74,0.9000,19.04,0.1065,1.0107,0.8653,21.76,0.8956,19.01,0.1007,0.9567
1BA328,0.8578,20.7499,0.8887,18.5042,0.1095,0.9278,0.8204,19.2848,0.8514,16.8112,0.1535,1.3505,0.8671,20.9205,0.8936,18.4676,0.1025,0.9760,0.6292,16.9497,0.7886,13.9574,0.2564,3.4411,0.8517,19.9482,0.8828,17.5234,0.0681,1.2974,0.8056,19.0537,0.8598,16.7478,0.1091,1.4880,0.8429,20.0469,0.8785,17.3843,0.0683,1.1520,0.8645,20.74,0.8918,18.32,0.1059,1.0254,0.8610,20.81,0.8913,18.30,0.1011,0.9681
1BB002,0.7726,18.9516,0.8266,15.9951,0.1250,0.8569,0.7433,18.1354,0.7943,15.1173,0.1649,1.2810,0.7861,19.2387,0.8360,16.2653,0.1172,0.9374,0.5619,15.5884,0.7256,12.6738,0.1838,3.2846,0.7726,18.2225,0.8247,15.2082,0.0706,1.4384,0.6547,17.0253,0.7727,14.3152,0.1186,1.5173,0.7301,17.9580,0.8110,14.9349,0.0769,1.2371,0.7902,19.29,0.8383,16.25,0.1211,0.9697,0.7893,19.31,0.8387,16.38,0.1170,0.9300
1BB003,0.7539,18.3832,0.8166,15.4743,0.1363,0.8436,0.7286,17.3642,0.7872,14.4190,0.1893,1.5016,0.7650,18.2991,0.8209,15.3334,0.1344,1.1191,0.5446,15.1064,0.7280,12.1314,0.2070,3.7117,0.7449,17.3197,0.8105,14.4883,0.0906,1.6434,0.6696,16.8003,0.7826,14.2695,0.1210,1.7847,0.7282,17.2601,0.8024,14.6263,0.1101,1.1597,0.7678,18.31,0.8239,15.41,0.1377,1.1875,0.7681,18.52,0.8251,15.66,0.1294,1.1311
1BB008,0.7272,18.1902,0.7979,15.1428,0.1293,0.7597,0.7027,17.5511,0.7688,14.4797,0.1702,1.2628,0.7545,18.5311,0.8085,15.4735,0.1206,0.8790,0.5400,15.3096,0.7066,12.2837,0.1839,3.2851,0.7315,17.3156,0.7938,14.2448,0.0731,1.3724,0.6298,16.6231,0.7517,13.5818,0.1151,1.5620,0.7254,17.3666,0.7886,14.2845,0.0735,1.1172,0.7509,18.28,0.8057,15.22,0.1242,0.9233,0.7452,18.45,0.8086,15.41,0.1190,0.8840
1BB200,0.7621,18.5065,0.8294,15.1578,0.1400,0.8638,0.7396,17.8760,0.8036,14.4984,0.1752,1.3752,0.7706,18.6605,0.8336,15.3368,0.1325,0.9817,0.5527,15.5001,0.7454,12.1629,0.2076,3.7043,0.7564,17.6474,0.8237,14.2522,0.0852,1.5176,0.6792,17.0985,0.7937,13.7874,0.1326,1.7137,0.7208,17.6416,0.8154,14.3028,0.0860,1.2703,0.7695,18.53,0.8353,15.23,0.1365,0.9944,0.7703,18.60,0.8339,15.27,0.1315,0.9564
1BB205,0.7204,17.7632,0.8107,14.5929,0.1731,0.8720,0.6911,16.7303,0.7801,13.5737,0.2267,1.5564,0.7307,17.8070,0.8149,14.4799,0.1748,1.0784,0.5267,14.7183,0.7268,11.5566,0.2348,3.8869,0.7164,16.9053,0.8046,13.7502,0.1239,1.5946,0.6645,16.4918,0.7784,13.5985,0.1545,1.8833,0.6922,16.8768,0.7981,13.6111,0.1353,1.2485,0.7292,17.71,0.8155,14.48,0.1798,1.1642,0.7308,17.90,0.8164,14.65,0.1750,1.0512
1BC007,0.8127,20.3230,0.8519,17.4596,0.1223,0.8448,0.7837,19.7813,0.8248,16.9035,0.1740,1.2335,0.8170,20.8780,0.8537,17.9978,0.1221,0.9282,0.5746,16.8198,0.7490,13.9874,0.2200,3.6028,0.8075,19.6001,0.8474,16.7462,0.0672,1.5054,0.7413,19.0231,0.8111,16.3976,0.1232,1.5326,0.8029,19.5819,0.8465,16.6500,0.0671,1.3381,0.8168,20.92,0.8545,18.05,0.1192,0.9740,0.8203,20.54,0.8579,17.74,0.1148,0.9418
1BC014,0.7269,18.7275,0.7940,15.7956,0.1755,0.6786,0.6981,17.7775,0.7609,14.8325,0.2208,1.3020,0.7284,18.5013,0.7873,15.5550,0.1823,0.9173,0.5326,15.6633,0.7119,12.8433,0.2326,3.3892,0.7250,17.3756,0.7853,14.5040,0.1109,1.2991,0.6727,17.2261,0.7654,14.4063,0.1688,1.4144,0.7359,18.1774,0.8003,15.1716,0.0943,0.9491,0.7276,18.30,0.7884,15.32,0.1783,0.9910,0.7321,18.42,0.7941,15.58,0.1788,0.9177
1BC050,0.8171,20.3640,0.8541,17.1433,0.1206,0.8348,0.7894,19.6213,0.8275,16.4344,0.1725,1.1955,0.8228,20.6780,0.8577,17.4937,0.1179,0.8898,0.5803,16.8224,0.7483,13.7718,0.2036,3.4863,0.8115,19.5223,0.8493,16.3277,0.0589,1.4488,0.7412,18.9535,0.8104,15.8567,0.1150,1.5041,0.8045,19.4282,0.8473,16.2161,0.0581,1.3233,0.8234,20.38,0.8587,17.17,0.1153,0.9536,0.8271,20.69,0.8628,17.51,0.1082,0.9231
1BC066,0.7958,18.5096,0.8313,15.4426,0.1336,0.8410,0.7679,18.0407,0.8012,14.9322,0.1815,1.2850,0.7982,18.6713,0.8301,15.5693,0.1305,0.9253,0.5606,15.6269,0.7215,12.6316,0.2123,3.6742,0.7819,17.6930,0.8181,14.6376,0.0830,1.4752,0.7426,18.0728,0.8031,15.0781,0.1291,1.6018,0.7706,17.7167,0.8155,14.6993,0.0839,1.2934,0.7988,18.52,0.8304,15.43,0.1262,0.9690,0.7922,18.44,0.8270,15.38,0.1261,0.9488
1BC080,0.8135,19.2666,0.8459,16.4871,0.1168,1.0215,0.7791,18.5139,0.8160,15.8586,0.1607,1.5448,0.8087,19.1719,0.8411,16.4026,0.1160,1.1233,0.5639,15.8863,0.7317,12.9638,0.2220,4.2812,0.7897,18.1818,0.8272,15.6442,0.1012,1.7015,0.7649,18.4909,0.8226,16.0503,0.1210,1.8429,0.7798,18.0909,0.8226,15.3014,0.1027,1.5560,0.8151,19.22,0.8455,16.57,0.1148,1.1878,0.8024,18.82,0.8364,15.93,0.1177,1.1597
