path,bytes,sha256,source
00_使用说明.md,3314,1da48ee2a495f328c2e3fb10957139238d32c987a89d1f66d31826e014c25eca,created_during_organization_2026-09-17
02_代码/bridgerefine/.gitignore,320,58994d5c8feafaf9d40dfdc318561739df500b9ab24586d8e6150c11b2a4800c,created_during_organization_2026-09-17
02_代码/bridgerefine/NOTICE.md,608,3cc0465ed5e50f55ecc0f5d675379864172398c34f5eedfeb34d866f8123ad97,created_during_organization_2026-09-17
02_代码/bridgerefine/README.md,4466,0210cd8f3e82b3a74ae5c665f36ef92effe65546182e7877928e48f28ef197f0,created_during_organization_2026-09-17
02_代码/bridgerefine/SOURCE_MANIFEST.json,15679,b522e0415ec20b064771bc33b8e4fe487a912bfc95a251b387e51664571cdd45,created_during_organization_2026-09-17
02_代码/bridgerefine/VALIDATION.md,1852,7d870ba6c70fa605791c4a0ffbc2522bbce01ca1e19afbeda449a71d2abd650a,created_during_organization_2026-09-17
02_代码/bridgerefine/requirements-analysis.txt,106,1b9d7b0dde11c1eba42f5ee7abcab6322959f261c030fcf7654f79bce5e4bc99,created_during_organization_2026-09-17
02_代码/bridgerefine/requirements-training-recorded.txt,490,0c9d0c6390d7edb1304a985ef7b8ce9f795890123c9090aa27ceb3807014bf3c,created_during_organization_2026-09-17
02_代码/bridgerefine/tools/summarize_results.py,7298,4453503c08fd339d754a1aea1eb0009cc91120076e231182d812da3f835449bd,created_during_organization_2026-09-17
02_代码/bridgerefine/tools/verify_sources.py,545,9133d08aa480cd90c312ae201a6d8300a995e226604fc7d3fb8fdf119520cc68,created_during_organization_2026-09-17
03_图表/图表索引.md,2488,232a451876701ebe76a3643fbf56e030461d4248d3afa2a4417f15b4148082b2,created_during_organization_2026-09-17
03_图表/本次核对生成表/efficiency_10x2.csv,343,e9ace5af5f77728242459523b33816978ad64dd6ec8ef61bb937dac68c8a1eaa,created_during_organization_2026-09-17
03_图表/本次核对生成表/patient_summary_recomputed.csv,2453,b8e966b46b7ad8bba79f7319cca3b8dde54300ec61af410f2d42b680b5dcd120,created_during_organization_2026-09-17
03_图表/本次核对生成表/seed_summary_recomputed.csv,383,30154ff7a0728ffdf0d7617e88b79307f38e401b5566a8f94ea5df5ecc2ced44,created_during_organization_2026-09-17
03_图表/本次核对生成表/significance_comparison.csv,706,4c97377c620b13eed8d9ea909d55fce2de71c15325bd8214c92a92b4adaeb62b,created_during_organization_2026-09-17
03_图表/本次核对生成表/statistics_recomputed.json,3225,aa352d40227e3eb2b0d6cf74d53126a831aa25e950ee87ee8899f2de07d67220,created_during_organization_2026-09-17
04_数据/README.md,2476,2170875161c547f54e0565cbcf04606f419e9cf2983021e9962f1dea5f00f15c,created_during_organization_2026-09-17
06_整理记录/GitHub克隆验证.json,159,e090611833be9952bd056a129391d309a22e958943824613b168d9b1cf77b36a,created_during_organization_2026-09-17
06_整理记录/GitHub发布记录.md,1105,9b193f0efef926cb55e4ae4c3f4979c8d75d149e06c98fb7ae7e6a589853903a,created_during_organization_2026-09-17
06_整理记录/organize_materials.py,10774,7b8b5a6de88605ed92b285592d7bb5ae735cbd0905fe220f6d2b23c1c16e2042,created_during_organization_2026-09-17
06_整理记录/verify_materials.py,1096,412a69de0d56251609caa1dca1cf423c7964adc6a86f68bf54db0dcdda341fc3,created_during_organization_2026-09-17
06_整理记录/原件副本_SHA256SUMS.txt,8588963,3bc73f8fa49447cf5f62a642fb47ea3c9302ea16eb512126541afdfab536bc33,created_during_organization_2026-09-17
06_整理记录/图文件与定性数组核对.json,3609,a4a4c577b784c46f5fe547dd27fa15b2e7446281e6226c8c1abe0e4dc1887699,created_during_organization_2026-09-17
06_整理记录/数据划分核对.json,25113,e3ab18af30aa1e4f029b29c8f4067b1247dfdf1ca106f6579d3618fed517d82f,created_during_organization_2026-09-17
06_整理记录/整理统计.json,127,f05a2a42f3dcd372376e60f03cd140be5030f40cf79c25b6f7cf7bfb1b15c164,created_during_organization_2026-09-17
06_整理记录/文件来源清单.csv,12808144,c51d29ad95edc7c31d83815916f5cc2ae14bb9da8e241860b0c405d7018b3d9a,created_during_organization_2026-09-17
06_整理记录/权重核对.csv,3270,a6869bc69f599e92db9c62c85d124421f0f28c3a0dacb23207d3a3ecb27a6ef6,created_during_organization_2026-09-17
06_整理记录/版本核对与缺项.md,4107,f4ddab338aa9025bcbbc04d604008095b247a9219eb29356ee4768dd2693cbab,created_during_organization_2026-09-17
