method,variant,seed,checkpoint_path,sha256,selected_by,sampling_steps,recursive_estimates,input_size,local_path,verified_sha256,status
SelfRDB,bridge-only,,D:\Cross-modal conversion\other_model\SelfRDB\selfrdb_best.pt,bb2a1dbf0fd5f6c8fa6dfaded91b79f54fd17f570da1d1ce4c73202b2ba81978,prior training record,10,2,128x128,04_数据/06_模型权重/other_model/SelfRDB/selfrdb_best.pt,bb2a1dbf0fd5f6c8fa6dfaded91b79f54fd17f570da1d1ce4c73202b2ba81978,match
CT-only,CT-only,42,D:\Cross-modal conversion\other_model\phase2_CT_only_L1\best.pt,17d466896d0a73de84949b11f559e3b74d89d64edeb7285c2549f6316175007d,validation loss,,,128x128,04_数据/06_模型权重/other_model/phase2_CT_only_L1/best.pt,17d466896d0a73de84949b11f559e3b74d89d64edeb7285c2549f6316175007d,match
CT-only,CT-only,123,D:\Cross-modal conversion\other_model\final_ct_seed123\best.pt,d1df136c07b180dd6648f1b53047966ba33bacb473243a08b61a3e19b89dd647,validation loss,,,128x128,04_数据/06_模型权重/other_model/final_ct_seed123/best.pt,d1df136c07b180dd6648f1b53047966ba33bacb473243a08b61a3e19b89dd647,match
CT-only,CT-only,2026,D:\Cross-modal conversion\other_model\final_ct_seed2026\best.pt,6dc39653020c595875787ece7f9046eaf82e5e6396bb43cf3445377d912be3a2,validation loss,,,128x128,04_数据/06_模型权重/other_model/final_ct_seed2026/best.pt,6dc39653020c595875787ece7f9046eaf82e5e6396bb43cf3445377d912be3a2,match
BridgeRefine-L1,CT+coarse,42,D:\Cross-modal conversion\other_model\BridgeGAN_L1\best.pt,ceeea1dd1965bce6ab5233395c5eb5585e17773c423804cb567c31716b31a3eb,validation loss,10,2,128x128,04_数据/06_模型权重/other_model/BridgeGAN_L1/best.pt,ceeea1dd1965bce6ab5233395c5eb5585e17773c423804cb567c31716b31a3eb,match
BridgeRefine-L1,CT+coarse,123,D:\Cross-modal conversion\other_model\final_br_l1_seed123\best.pt,3c306129c1b01b8b2fd1699674a39c0dde6799fd1d7a16df647ad143ab4b16bc,validation loss,10,2,128x128,04_数据/06_模型权重/other_model/final_br_l1_seed123/best.pt,3c306129c1b01b8b2fd1699674a39c0dde6799fd1d7a16df647ad143ab4b16bc,match
BridgeRefine-L1,CT+coarse,2026,D:\Cross-modal conversion\other_model\final_br_l1_seed2026\best.pt,f0747549d2c77e0e3dc90a4c3f52a08bc7f7f5925d8a6b2a898a685d8f9a24bf,validation loss,10,2,128x128,04_数据/06_模型权重/other_model/final_br_l1_seed2026/best.pt,f0747549d2c77e0e3dc90a4c3f52a08bc7f7f5925d8a6b2a898a685d8f9a24bf,match
BridgeGAN,CT+coarse GAN,,D:\Cross-modal conversion\other_model\BridgeGAN\best.pt,93eea86e4625c4903948cc05d45f4bace51ecf9b25bc33ad8d2be6621cb111fc,prior training record,10,2,128x128,04_数据/06_模型权重/other_model/BridgeGAN/best.pt,93eea86e4625c4903948cc05d45f4bace51ecf9b25bc33ad8d2be6621cb111fc,match
SynDiff,baseline,,D:\Cross-modal conversion\other_model\SynDiff\best.pt,e7d1de66a750a01c3f92fb633f3e605ba85bc7303859803d930486d0bd0df841,prior training record,,,128x128,04_数据/06_模型权重/other_model/SynDiff/best.pt,e7d1de66a750a01c3f92fb633f3e605ba85bc7303859803d930486d0bd0df841,match
MG-CycleGAN,baseline,,D:\Cross-modal conversion\other_model\MG_CycleGAN\best.pt,e51e109c2eec3412f82d278b462558887f0a34bc89dffe01676f924bc9b0a211,prior training record,,,128x128,04_数据/06_模型权重/other_model/MG_CycleGAN/best.pt,e51e109c2eec3412f82d278b462558887f0a34bc89dffe01676f924bc9b0a211,match
