method,seed,n_patients,ssim_mean,ssim_sample_sd,psnr_db_mean,psnr_db_sample_sd,lpips_mean,lpips_sample_sd,mask_ssim_mean,mask_ssim_sample_sd,mask_psnr_db_mean,mask_psnr_db_sample_sd,mad_ratio_mean,mad_ratio_sample_sd
CT-only,42,18,0.8094611111111111,0.053621057528339705,19.770205555555552,1.3067415237786397,0.1287,0.019836478577432568,0.8527666666666667,0.03582442479321484,17.34008333333334,2.032628934699216,0.8525999999999999,0.07262567201268515
coarse-only,42,18,0.7823333333333333,0.05384097499335699,18.87902777777778,1.1979104222650545,0.1742,0.021488437383310837,0.8234055555555556,0.035978825017963026,16.459388888888892,1.9894541160502495,1.3584833333333333,0.10347922923153682
BridgeRefine-L1,42,18,0.8183555555555555,0.05296143127422426,19.950388888888885,1.3866671486141702,0.12529444444444446,0.02218771446550127,0.8561666666666665,0.03639652536745136,17.489583333333332,2.146770816352127,0.9669111111111113,0.07231886816599425
BridgeRefine-L1-seed123,123,18,0.8183277777777778,0.05281447891446564,19.87611111111111,1.4190682066635834,0.1263388888888889,0.0217826195931497,0.8565666666666667,0.03594945798495111,17.431666666666665,2.172702979077931,1.0174333333333334,0.07981841892696195
BridgeRefine-L1-seed2026,2026,18,0.8147222222222221,0.0502127187491676,19.891111111111112,1.394876713459521,0.12219999999999999,0.022367649959391847,0.8556722222222223,0.034619474382722046,17.406666666666666,2.0803930624085556,0.9733388888888889,0.07227565808509796
SelfRDB,,18,0.5855055555555556,0.039455685823349344,16.437844444444444,1.0221762333502693,0.22866111111111115,0.02533570228861865,0.7545166666666667,0.031899313103428854,13.63508888888889,1.2920355899709708,3.6083055555555554,0.24280185209154595
BridgeGAN,,18,0.804611111111111,0.05377667205690903,18.92313888888889,1.3525649272831008,0.07808888888888889,0.01838659642523801,0.8461833333333332,0.035966491758465474,16.502722222222225,2.1188267509764915,1.4088444444444443,0.13922004259961246
SynDiff,,18,0.7473,0.06870540692825035,18.359527777777778,1.248926674155973,0.12126111111111111,0.017458156323684988,0.8207388888888889,0.041107336383852014,16.115099999999998,2.042905410841887,1.5747388888888887,0.13950618008190802
MG-CycleGAN,,18,0.7882055555555555,0.053333495404165515,18.86047222222222,1.2497346465670487,0.08146111111111112,0.01901355983282299,0.840261111111111,0.03341977468310164,16.30998888888889,1.8576324530050383,1.2019000000000002,0.128206263038718
