relative_path,size_bytes,sha256,role,status
checkpoints/checkpoints_manifest.csv,1913,60d1f0c7647de398481b8abe1f40c0af3af8617faa1dc75a9fd24929619bb3c8,provenance,available
checkpoints/hashes_sha256.txt,827,a9ac9841d7b2b80c50b0bd9b0849b8de3c5ad177ae4fcf980ff0d4cd693b8c23,provenance,available
configs/bridge.yaml,158,4dc693854e2d9ad21fe27edfe64b64a896d6ae9c6ee1bd617827442ad6940465,config,available
configs/ct_only.yaml,189,719c2c8a043d8349ff3ff2c86c6f35c8d219371bc3c01340f4843c3fec857b47,config,available
configs/evaluation.yaml,260,59897aeb82d9905d1a817967bfb8051e81edb44df78a784640fe5bea5490ff7d,config,available
configs/refiner_l1.yaml,204,6526cf90a56753cb4d47a2b2f173387fcf078e5e5f21b2a469cfa04817afe50f,config,available
efficiency/benchmark.log,2037,f5e6a514fbc3b58eb6b82427e83b562a49955b6d5a69d14f4c050ce3d51773ce,efficiency,available
efficiency/benchmark.py,7541,07582e20634d46c57849103aad22c9dee0ab98e11a337510314a01ab3edabe48,efficiency,available
efficiency/benchmark_config.json,304,361a2c10162a528173942a97544071c59cd945b44243fb9e30ea70f5ebfbac5f,efficiency,available
efficiency/efficiency_final_10x2.csv,343,e9ace5af5f77728242459523b33816978ad64dd6ec8ef61bb937dac68c8a1eaa,efficiency,available
efficiency/summary_bridgerefine.json,934,d77516eb588066e63875dc421f4df78ab49c675fc355adfd384b0d100d00c324,efficiency,available
efficiency/summary_ct_only.json,935,617e2f6d8e067a65650450026c6261153c7c437a0a824432e32e4efd1b6b6456,efficiency,available
efficiency/timing_raw_bridgerefine.csv,1537,1f0088431959b3bcbdb3c32601a37e333853f18a7daa6e1a1a70183bec6d52a5,efficiency,available
efficiency/timing_raw_ct_only.csv,1357,b547a872b19de7bc416bba49d75dada0de1d4780bcd9c5629d86c19960163bc3,efficiency,available
figures_source/pipeline_source.svg,7535,6152ba4ae65270cd1cfae12cb29e9d77284c7b47a84b4804ffa256fc25d05bbe,figure_source,available
figures_source/qualitative_source.tiff,378314,a52031ac898dc61be72c8ca293544d282d4c5626cce1373061e88a5c0aa9328f,figure_source,available
HANDOFF_EXECUTION.md,6965,53a196f194ddca9bd9b9a99608307e1ba9ad53ad7de87adec56bd34121c8b2ad,other,available
metadata/cohort_and_acquisition.md,518,b5c81c3b644c9c450a82386e9ea8116c6ff49af536b0310db4c42a1b67364213,metadata,available
metadata/ethics_and_data_governance.md,332,83ce1fac43e3b771392650cb8ba8989014456164c976c5d856ec056fe5dd918a,metadata,available
metrics/paired_differences.csv,858,aa42bcb75c8a33a995407b61781b6624bff150daa69844948a337092ec3c7ef2,metrics,available
metrics/patient_metrics_final.csv,20821,acfce8f11ce418edaa3a55dd02302696b8511db3862d7c23f6cfab855bf5f59a,metrics,available
metrics/seed_metrics.csv,527,43c092ac3ac4cbca5d72b0c94a7e72a0f625380b585fa8e41e0feb4ecf1ec767,metrics,available
metrics/significance.json,1786,f99b552f7b304f227bd32cb926c604ca2f2888200b0ca4cd3ea5feff401f314d,metrics,available
MISSING.md,940,89ba1ad18d510603573370ed508834f7c70a84bd9b1bd4ca4034439284f1266a,other,available
paper/论文修改稿.pdf,5459299,f15cd605d8e1cff93ad6a3e3e7737a3114542dd1e3173268989d94068751fd0a,manuscript,available
paper/论文修改稿.tex,29260,b3ffa9cb48c1aa24b30be5167be7804fe78ca041763841145d780de2517910df,manuscript,available
qualitative_cases/1BA222/arrays.npz,34620598,b467f821dd68db3e5129615c8f13e7676bf817c51884b7cefbbd90f7eb14d85b,qualitative_evidence,available
qualitative_cases/1BA222/metadata.json,1299,25457ec0b1e62f8869f9b69c4376ed9d771d572bf7085caa44bdd904e091f3b7,qualitative_evidence,available
qualitative_cases/1BA222/slice_0103/bridgerefine_l1.png,10065,edce483b5d066ef76d6ef4369060772dedb5cc3ee925d0c3cb47a4b04312e910,qualitative_evidence,available
qualitative_cases/1BA222/slice_0103/coarse_mri.png,11506,5ebde698a0a2fcaee282a25b0441363ef2fc554060703e68056ddcae2c5025ca,qualitative_evidence,available
qualitative_cases/1BA222/slice_0103/ct.png,7709,e8445d6f1468c45eca556055d46d14de42b7fed604c96c86e566d322c4fd2430,qualitative_evidence,available
qualitative_cases/1BA222/slice_0103/ct_only.png,9718,c011ecb35d5d1aef956c78be9f02eac5fce311d4ba96be6d4c241301401ff278,qualitative_evidence,available
qualitative_cases/1BA222/slice_0103/error_bridgerefine_l1.png,25366,30d1ef4fbebbaae576a593234bdacc6df177fb05302f2d6adbb1ef8e9dde3314,qualitative_evidence,available
qualitative_cases/1BA222/slice_0103/mri_real.png,9626,91b4655d9cc1c06c0bad68d2b60ad2a6cedd370e1b889a2f21704f6c8897d824,qualitative_evidence,available
qualitative_cases/1BA222/slices.csv,5324,a382285ca97ecd63b432e15f9037c2f8e3e7bd30a76f94982ea3711d1e9470a2,qualitative_evidence,available
qualitative_cases/1BC007/arrays.npz,31838457,2a95bde4e9ddb24b926a3ddf1f6e81d1c0f42f7b4b42851b3291d035948fdf86,qualitative_evidence,available
qualitative_cases/1BC007/metadata.json,1302,7ec3dc931244d3a6ac70a76b8f69186f3d53de43a55f8f740ed31b714b2c61f9,qualitative_evidence,available
qualitative_cases/1BC007/slice_0112/bridgerefine_l1.png,8267,3dd276a4b3d73faa5bdee57fa1701072beec0013b6f8ceae26ba29d6991434ff,qualitative_evidence,available
qualitative_cases/1BC007/slice_0112/coarse_mri.png,12266,2eea76b5dc0539af7a876590a41af5f845367e8a94b422a7ccd44aa99ce2d18e,qualitative_evidence,available
qualitative_cases/1BC007/slice_0112/ct.png,5958,25008758cf685a7c4ef43d7bc3f59eb1962bad393dd689910e37108641698efa,qualitative_evidence,available
qualitative_cases/1BC007/slice_0112/ct_only.png,8466,19fc16a6424f5fe0eb6781b3d3e1f72e81d966a6e69927c53a33d51a87e8a690,qualitative_evidence,available
qualitative_cases/1BC007/slice_0112/error_bridgerefine_l1.png,25277,3c931803b9920458e96cf2e368029f0e8dbd39acc1f5845b82c951190a0b555c,qualitative_evidence,available
qualitative_cases/1BC007/slice_0112/mri_real.png,8944,cd41f4203f5bf171088816b7072446283963281530c708dd80bcec2f7e91180e,qualitative_evidence,available
qualitative_cases/1BC007/slices.csv,4813,e1b00b90ae890bd09be9db96186df186b64da022088629082bd78bb027724280,qualitative_evidence,available
qualitative_cases/1BC014/arrays.npz,32210025,fea0a5ddc5e4c6a020b6b89196381f11800fcc70c33fbae373845c64ba369683,qualitative_evidence,available
qualitative_cases/1BC014/metadata.json,1299,a165390b43994d7de9b80c84101a445f830bef69f7b139dc19d0b54d3b5d3ee7,qualitative_evidence,available
qualitative_cases/1BC014/slice_0111/bridgerefine_l1.png,8287,802d9a5f8356c2042259b9392b4ec4787cf978dcec62dbaebfff0fabaf138ba1,qualitative_evidence,available
qualitative_cases/1BC014/slice_0111/coarse_mri.png,11180,547e338a93d18f94895123f976a2be947737406779ccf66b440e11d4251aca1d,qualitative_evidence,available
qualitative_cases/1BC014/slice_0111/ct.png,5727,577fe2a172c3ab87de29ad8b9df36bd4837ac81ae8ae69da158832f9770aeaa4,qualitative_evidence,available
qualitative_cases/1BC014/slice_0111/ct_only.png,8681,2a5a5026a0a4fff0e42e4202220b3f3f72c3dc348983921a4a2a49208edbf096,qualitative_evidence,available
qualitative_cases/1BC014/slice_0111/error_bridgerefine_l1.png,25118,528842bd09c81a7af6554cc2995f2ef9f6a187cafeebc27bb65d2017a2005c3b,qualitative_evidence,available
qualitative_cases/1BC014/slice_0111/mri_real.png,9089,5df72ac3cc8e87185512775c8159aaf16857927673b76286a189e8759e6809f5,qualitative_evidence,available
qualitative_cases/1BC014/slices.csv,4873,821a51d555ceb32bc2cb6a25835fd778088255eefcd99d6502d02535cdcfe552,qualitative_evidence,available
qualitative_cases/README.md,532,f7289cfbb01327841a3a1762406fe86d0dccc2efaa1d20165b846ca89d1f971d,qualitative_evidence,available
README.md,1100,fd2ed9f14859196cf0ba5c4928f042dec8d3c34f12785167cf7bf7421be1dc1a,other,available
scripts/benchmark.py,7541,07582e20634d46c57849103aad22c9dee0ab98e11a337510314a01ab3edabe48,code,available
scripts/evaluate.py,14839,a7b08587060d733f1c1a98613d0ed1c5a704c9878142f995249aea138e56ee3e,code,available
scripts/statistics.py,161,db0a9110c81360454d849b2023c33eff5f59fcb494ad2abac05cb56a9ad892c5,code,available
qualitative_cases/states.npy,,,missing,missing
qualitative_cases/states.csv,,,missing,missing
metadata/ethics_confirmed.md,,,missing,missing
metadata/acquisition_confirmed.md,,,missing,missing
