patient,method,seed,ssim,psnr,lpips,mask_ssim,mask_psnr,inter_slice_mad_ratio
1BA012,coarse-only,42,0.8469,20.4820,0.1564,0.8661,19.9702,1.4911
1BA091,coarse-only,42,0.8399,20.4949,0.1624,0.8651,19.6374,1.3531
1BA100,coarse-only,42,0.8328,18.9981,0.1608,0.8513,17.1449,1.3781
1BA116,coarse-only,42,0.8199,19.4413,0.1932,0.8384,18.4908,1.3500
1BA184,coarse-only,42,0.8156,18.7955,0.1656,0.8456,15.6950,1.3557
1BA222,coarse-only,42,0.8442,20.5662,0.1499,0.8737,19.6303,1.3239
1BA256,coarse-only,42,0.8388,20.3680,0.1580,0.8653,17.8399,1.3125
1BA328,coarse-only,42,0.8204,19.2848,0.1535,0.8514,16.8112,1.3505
1BB002,coarse-only,42,0.7433,18.1354,0.1649,0.7943,15.1173,1.2810
1BB003,coarse-only,42,0.7286,17.3642,0.1893,0.7872,14.4190,1.5016
1BB008,coarse-only,42,0.7027,17.5511,0.1702,0.7688,14.4797,1.2628
1BB200,coarse-only,42,0.7396,17.8760,0.1752,0.8036,14.4984,1.3752
1BB205,coarse-only,42,0.6911,16.7303,0.2267,0.7801,13.5737,1.5564
1BC007,coarse-only,42,0.7837,19.7813,0.1740,0.8248,16.9035,1.2335
1BC014,coarse-only,42,0.6981,17.7775,0.2208,0.7609,14.8325,1.3020
1BC050,coarse-only,42,0.7894,19.6213,0.1725,0.8275,16.4344,1.1955
1BC066,coarse-only,42,0.7679,18.0407,0.1815,0.8012,14.9322,1.2850
1BC080,coarse-only,42,0.7791,18.5139,0.1607,0.8160,15.8586,1.5448
