repeat,slice_index,event_time_ms
1,0,224.745056
1,1,216.976135
1,2,219.629593
1,3,219.917923
1,4,222.953537
1,5,220.431839
1,6,224.048798
1,7,216.658844
1,8,224.555679
1,9,219.084259
1,10,217.694138
1,11,223.953629
1,12,220.491577
1,13,225.946716
1,14,220.986343
1,15,218.058243
1,16,217.792358
1,17,234.538879
1,18,219.272614
1,19,219.491714
1,20,215.554626
1,21,218.786270
1,22,229.177795
1,23,230.672348
1,24,217.508957
1,25,216.377731
1,26,225.791580
1,27,218.159454
1,28,230.778397
1,29,214.943298
2,0,243.612000
2,1,245.630783
2,2,240.208633
2,3,241.041351
2,4,242.409882
2,5,248.811905
2,6,241.821381
2,7,240.447678
2,8,254.005188
2,9,247.886810
2,10,245.101089
2,11,243.670181
2,12,243.996994
2,13,254.823578
2,14,239.394211
2,15,242.591293
2,16,239.393250
2,17,242.041306
2,18,247.344864
2,19,253.363007
2,20,245.964157
2,21,245.278458
2,22,244.390625
2,23,244.111099
2,24,241.264679
2,25,246.977692
2,26,252.404861
2,27,248.087646
2,28,247.539841
2,29,243.148285
3,0,244.950714
3,1,253.648483
3,2,246.801025
3,3,239.038727
3,4,244.642181
3,5,245.875870
3,6,245.912415
3,7,247.494629
3,8,239.616058
3,9,240.480377
3,10,247.664673
3,11,239.776291
3,12,241.045914
3,13,240.600510
3,14,234.818909
3,15,253.615356
3,16,251.503906
3,17,228.698425
3,18,237.522110
3,19,233.916519
3,20,229.042343
3,21,231.005981
3,22,231.971390
3,23,242.248199
3,24,232.811615
3,25,236.967773
3,26,239.697754
3,27,241.153702
3,28,239.630753
3,29,240.966110
