case_id,ct_only_ssim,bridgerefine_l1_ssim,delta_ssim_bridgerefine_minus_ct_only
1BA012,0.8594,0.8784,0.018999999999999906
1BA091,0.8626,0.8705,0.007900000000000018
1BA100,0.8572,0.87,0.012800000000000034
1BA116,0.8329,0.8473,0.01440000000000008
1BA184,0.8518,0.856,0.0041999999999999815
1BA222,0.8743,0.8834,0.009099999999999997
1BA256,0.8721,0.8757,0.0036000000000000476
1BA328,0.8578,0.8671,0.009299999999999975
1BB002,0.7726,0.7861,0.013500000000000068
1BB003,0.7539,0.765,0.011099999999999999
1BB008,0.7272,0.7545,0.02729999999999999
1BB200,0.7621,0.7706,0.008499999999999952
1BB205,0.7204,0.7307,0.010299999999999976
1BC007,0.8127,0.817,0.0042999999999999705
1BC014,0.7269,0.7284,0.0015000000000000568
1BC050,0.8171,0.8228,0.005699999999999927
1BC066,0.7958,0.7982,0.0024000000000000687
1BC080,0.8135,0.8087,-0.0048000000000000265
