case_id,method,variant,seed,n_slices,ssim,psnr_db,lpips,mask_ssim,mask_psnr_db,mad_ratio,checkpoint_sha256,config_id
1BA012,CT-only,CT-only,42,192,0.8594,20.4401,0.1260,0.8851,19.8272,0.8515,,ct_only_seed42
1BA012,coarse-only,coarse-only,42,192,0.8469,20.4820,0.1564,0.8661,19.9702,1.4911,,coarse_only_seed42
1BA012,BridgeRefine-L1,BridgeRefine-L1,42,192,0.8784,21.4633,0.1106,0.8968,20.7563,0.9763,,bridgerefine_l1_seed42
1BA012,BridgeRefine-L1-seed123,BridgeRefine-L1,123,192,0.8772,21.42,0.1138,0.8955,20.63,1.0101,,bridgerefine_l1_seed123
1BA012,BridgeRefine-L1-seed2026,BridgeRefine-L1,2026,192,0.8745,21.51,0.1076,0.8969,20.68,0.9782,,bridgerefine_l1_seed2026
1BA012,SelfRDB,SelfRDB,,192,0.6327,17.6286,0.2483,0.7845,15.5989,3.9106,bb2a1dbf0fd5f6c8fa6dfaded91b79f54fd17f570da1d1ce4c73202b2ba81978,selfrdb
1BA012,BridgeGAN,BridgeGAN,,192,0.8702,20.6436,0.0548,0.8890,19.9747,1.3379,93eea86e4625c4903948cc05d45f4bace51ecf9b25bc33ad8d2be6621cb111fc,bridgegan
1BA012,SynDiff,SynDiff,,,0.8198,19.5048,0.1072,0.8639,19.2719,1.5431,e7d1de66a750a01c3f92fb633f3e605ba85bc7303859803d930486d0bd0df841,syndiff
1BA012,MG-CycleGAN,MG-CycleGAN,,,0.8473,20.1259,0.0626,0.8777,19.1777,1.1507,e51e109c2eec3412f82d278b462558887f0a34bc89dffe01676f924bc9b0a211,mg_cyclegan
1BA091,CT-only,CT-only,42,207,0.8626,21.6756,0.1157,0.8927,20.7848,0.8245,,ct_only_seed42
1BA091,coarse-only,coarse-only,42,207,0.8399,20.4949,0.1624,0.8651,19.6374,1.3531,,coarse_only_seed42
1BA091,BridgeRefine-L1,BridgeRefine-L1,42,207,0.8705,21.7801,0.1090,0.8941,21.0450,0.9209,,bridgerefine_l1_seed42
1BA091,BridgeRefine-L1-seed123,BridgeRefine-L1,123,207,0.8733,21.70,0.1127,0.8967,20.80,0.9796,,bridgerefine_l1_seed123
1BA091,BridgeRefine-L1-seed2026,BridgeRefine-L1,2026,207,0.8574,21.41,0.1082,0.8854,20.55,0.9451,,bridgerefine_l1_seed2026
1BA091,SelfRDB,SelfRDB,,207,0.6344,17.6530,0.2353,0.7860,15.6402,3.6074,bb2a1dbf0fd5f6c8fa6dfaded91b79f54fd17f570da1d1ce4c73202b2ba81978,selfrdb
1BA091,BridgeGAN,BridgeGAN,,207,0.8541,20.6558,0.0632,0.8793,19.8271,1.2968,93eea86e4625c4903948cc05d45f4bace51ecf9b25bc33ad8d2be6621cb111fc,bridgegan
1BA091,SynDiff,SynDiff,,,0.8252,20.0802,0.1014,0.8736,19.4798,1.5095,e7d1de66a750a01c3f92fb633f3e605ba85bc7303859803d930486d0bd0df841,syndiff
1BA091,MG-CycleGAN,MG-CycleGAN,,,0.8298,20.3671,0.0718,0.8683,19.3021,1.1341,e51e109c2eec3412f82d278b462558887f0a34bc89dffe01676f924bc9b0a211,mg_cyclegan
1BA100,CT-only,CT-only,42,188,0.8572,20.0090,0.1200,0.8789,17.9290,0.8843,,ct_only_seed42
1BA100,coarse-only,coarse-only,42,188,0.8328,18.9981,0.1608,0.8513,17.1449,1.3781,,coarse_only_seed42
1BA100,BridgeRefine-L1,BridgeRefine-L1,42,188,0.8700,20.2722,0.1159,0.8867,18.2130,0.9528,,bridgerefine_l1_seed42
1BA100,BridgeRefine-L1-seed123,BridgeRefine-L1,123,188,0.8643,20.02,0.1193,0.8813,18.14,0.9869,,bridgerefine_l1_seed123
1BA100,BridgeRefine-L1-seed2026,BridgeRefine-L1,2026,188,0.8583,19.90,0.1154,0.8786,17.89,0.9498,,bridgerefine_l1_seed2026
1BA100,SelfRDB,SelfRDB,,188,0.6305,16.9372,0.2396,0.7769,14.5690,3.5319,bb2a1dbf0fd5f6c8fa6dfaded91b79f54fd17f570da1d1ce4c73202b2ba81978,selfrdb
1BA100,BridgeGAN,BridgeGAN,,188,0.8688,19.7070,0.0671,0.8854,17.9515,1.2532,93eea86e4625c4903948cc05d45f4bace51ecf9b25bc33ad8d2be6621cb111fc,bridgegan
1BA100,SynDiff,SynDiff,,,0.8132,18.8471,0.1109,0.8555,17.1391,1.5512,e7d1de66a750a01c3f92fb633f3e605ba85bc7303859803d930486d0bd0df841,syndiff
1BA100,MG-CycleGAN,MG-CycleGAN,,,0.8405,19.2954,0.0781,0.8681,17.2895,1.1344,e51e109c2eec3412f82d278b462558887f0a34bc89dffe01676f924bc9b0a211,mg_cyclegan
1BA116,CT-only,CT-only,42,197,0.8329,20.0964,0.1442,0.8574,19.2048,0.7744,,ct_only_seed42
1BA116,coarse-only,coarse-only,42,197,0.8199,19.4413,0.1932,0.8384,18.4908,1.3500,,coarse_only_seed42
1BA116,BridgeRefine-L1,BridgeRefine-L1,42,197,0.8473,20.3090,0.1416,0.8672,19.3132,0.9251,,bridgerefine_l1_seed42
1BA116,BridgeRefine-L1-seed123,BridgeRefine-L1,123,197,0.8453,20.48,0.1379,0.8653,19.64,0.9683,,bridgerefine_l1_seed123
1BA116,BridgeRefine-L1-seed2026,BridgeRefine-L1,2026,197,0.8357,20.35,0.1346,0.8587,19.22,0.9415,,bridgerefine_l1_seed2026
1BA116,SelfRDB,SelfRDB,,197,0.5999,17.1007,0.2732,0.7626,14.5741,3.6556,bb2a1dbf0fd5f6c8fa6dfaded91b79f54fd17f570da1d1ce4c73202b2ba81978,selfrdb
1BA116,BridgeGAN,BridgeGAN,,197,0.8446,19.7390,0.0733,0.8651,18.7510,1.3278,93eea86e4625c4903948cc05d45f4bace51ecf9b25bc33ad8d2be6621cb111fc,bridgegan
1BA116,SynDiff,SynDiff,,,0.7876,18.7413,0.1293,0.8331,18.0065,1.5357,e7d1de66a750a01c3f92fb633f3e605ba85bc7303859803d930486d0bd0df841,syndiff
1BA116,MG-CycleGAN,MG-CycleGAN,,,0.8194,19.4636,0.0792,0.8533,18.1287,1.1077,e51e109c2eec3412f82d278b462558887f0a34bc89dffe01676f924bc9b0a211,mg_cyclegan
1BA184,CT-only,CT-only,42,198,0.8518,20.0182,0.1176,0.8837,16.8714,0.9354,,ct_only_seed42
1BA184,coarse-only,coarse-only,42,198,0.8156,18.7955,0.1656,0.8456,15.6950,1.3557,,coarse_only_seed42
1BA184,BridgeRefine-L1,BridgeRefine-L1,42,198,0.8560,19.8806,0.1184,0.8813,16.6322,1.0077,,bridgerefine_l1_seed42
1BA184,BridgeRefine-L1-seed123,BridgeRefine-L1,123,198,0.8553,19.89,0.1228,0.8820,16.67,1.0483,,bridgerefine_l1_seed123
1BA184,BridgeRefine-L1-seed2026,BridgeRefine-L1,2026,198,0.8514,20.04,0.1139,0.8828,16.79,1.0073,,bridgerefine_l1_seed2026
1BA184,SelfRDB,SelfRDB,,198,0.6147,16.7394,0.2517,0.7814,13.7577,3.5772,bb2a1dbf0fd5f6c8fa6dfaded91b79f54fd17f570da1d1ce4c73202b2ba81978,selfrdb
1BA184,BridgeGAN,BridgeGAN,,198,0.8347,18.7909,0.0796,0.8653,15.6037,1.3305,93eea86e4625c4903948cc05d45f4bace51ecf9b25bc33ad8d2be6621cb111fc,bridgegan
1BA184,SynDiff,SynDiff,,,0.7926,18.0513,0.1185,0.8456,14.9156,1.5099,e7d1de66a750a01c3f92fb633f3e605ba85bc7303859803d930486d0bd0df841,syndiff
1BA184,MG-CycleGAN,MG-CycleGAN,,,0.8235,18.7755,0.0794,0.8615,15.5345,1.1845,e51e109c2eec3412f82d278b462558887f0a34bc89dffe01676f924bc9b0a211,mg_cyclegan
1BA222,CT-only,CT-only,42,203,0.8743,21.9979,0.1057,0.9041,21.0900,0.8790,,ct_only_seed42
1BA222,coarse-only,coarse-only,42,203,0.8442,20.5662,0.1499,0.8737,19.6303,1.3239,,coarse_only_seed42
1BA222,BridgeRefine-L1,BridgeRefine-L1,42,203,0.8834,22.1823,0.1041,0.9071,21.1335,0.9227,,bridgerefine_l1_seed42
1BA222,BridgeRefine-L1-seed123,BridgeRefine-L1,123,203,0.8841,22.32,0.1021,0.9094,21.40,0.9700,,bridgerefine_l1_seed123
1BA222,BridgeRefine-L1-seed2026,BridgeRefine-L1,2026,203,0.8836,22.57,0.1006,0.9119,21.37,0.9296,,bridgerefine_l1_seed2026
1BA222,SelfRDB,SelfRDB,,203,0.6346,17.9156,0.2528,0.8068,15.5015,3.4973,bb2a1dbf0fd5f6c8fa6dfaded91b79f54fd17f570da1d1ce4c73202b2ba81978,selfrdb
1BA222,BridgeGAN,BridgeGAN,,203,0.8676,20.8089,0.0663,0.8952,19.7601,1.2327,93eea86e4625c4903948cc05d45f4bace51ecf9b25bc33ad8d2be6621cb111fc,bridgegan
1BA222,SynDiff,SynDiff,,,0.8270,20.3840,0.1027,0.8793,19.5940,1.4324,e7d1de66a750a01c3f92fb633f3e605ba85bc7303859803d930486d0bd0df841,syndiff
1BA222,MG-CycleGAN,MG-CycleGAN,,,0.8488,20.5784,0.0726,0.8869,19.1351,1.1325,e51e109c2eec3412f82d278b462558887f0a34bc89dffe01676f924bc9b0a211,mg_cyclegan
1BA256,CT-only,CT-only,42,204,0.8721,21.8912,0.1054,0.9008,19.2190,0.8532,,ct_only_seed42
1BA256,coarse-only,coarse-only,42,204,0.8388,20.3680,0.1580,0.8653,17.8399,1.3125,,coarse_only_seed42
1BA256,BridgeRefine-L1,BridgeRefine-L1,42,204,0.8757,21.8621,0.1049,0.9004,19.3444,0.9434,,bridgerefine_l1_seed42
1BA256,BridgeRefine-L1-seed123,BridgeRefine-L1,123,204,0.8766,21.74,0.1065,0.9000,19.04,1.0107,,bridgerefine_l1_seed123
1BA256,BridgeRefine-L1-seed2026,BridgeRefine-L1,2026,204,0.8653,21.76,0.1007,0.8956,19.01,0.9567,,bridgerefine_l1_seed2026
1BA256,SelfRDB,SelfRDB,,204,0.6252,17.9155,0.2510,0.7997,14.8265,3.4221,bb2a1dbf0fd5f6c8fa6dfaded91b79f54fd17f570da1d1ce4c73202b2ba81978,selfrdb
1BA256,BridgeGAN,BridgeGAN,,204,0.8539,20.5398,0.0686,0.8846,17.8541,1.2865,93eea86e4625c4903948cc05d45f4bace51ecf9b25bc33ad8d2be6621cb111fc,bridgegan
1BA256,SynDiff,SynDiff,,,0.8199,20.0037,0.1047,0.8708,17.5757,1.4187,e7d1de66a750a01c3f92fb633f3e605ba85bc7303859803d930486d0bd0df841,syndiff
1BA256,MG-CycleGAN,MG-CycleGAN,,,0.8451,20.7375,0.0664,0.8827,17.8299,1.1456,e51e109c2eec3412f82d278b462558887f0a34bc89dffe01676f924bc9b0a211,mg_cyclegan
1BA328,CT-only,CT-only,42,198,0.8578,20.7499,0.1095,0.8887,18.5042,0.9278,,ct_only_seed42
1BA328,coarse-only,coarse-only,42,198,0.8204,19.2848,0.1535,0.8514,16.8112,1.3505,,coarse_only_seed42
1BA328,BridgeRefine-L1,BridgeRefine-L1,42,198,0.8671,20.9205,0.1025,0.8936,18.4676,0.9760,,bridgerefine_l1_seed42
1BA328,BridgeRefine-L1-seed123,BridgeRefine-L1,123,198,0.8645,20.74,0.1059,0.8918,18.32,1.0254,,bridgerefine_l1_seed123
1BA328,BridgeRefine-L1-seed2026,BridgeRefine-L1,2026,198,0.8610,20.81,0.1011,0.8913,18.30,0.9681,,bridgerefine_l1_seed2026
1BA328,SelfRDB,SelfRDB,,198,0.6292,16.9497,0.2564,0.7886,13.9574,3.4411,bb2a1dbf0fd5f6c8fa6dfaded91b79f54fd17f570da1d1ce4c73202b2ba81978,selfrdb
1BA328,BridgeGAN,BridgeGAN,,198,0.8517,19.9482,0.0681,0.8828,17.5234,1.2974,93eea86e4625c4903948cc05d45f4bace51ecf9b25bc33ad8d2be6621cb111fc,bridgegan
1BA328,SynDiff,SynDiff,,,0.8056,19.0537,0.1091,0.8598,16.7478,1.4880,e7d1de66a750a01c3f92fb633f3e605ba85bc7303859803d930486d0bd0df841,syndiff
1BA328,MG-CycleGAN,MG-CycleGAN,,,0.8429,20.0469,0.0683,0.8785,17.3843,1.1520,e51e109c2eec3412f82d278b462558887f0a34bc89dffe01676f924bc9b0a211,mg_cyclegan
1BB002,CT-only,CT-only,42,170,0.7726,18.9516,0.1250,0.8266,15.9951,0.8569,,ct_only_seed42
1BB002,coarse-only,coarse-only,42,170,0.7433,18.1354,0.1649,0.7943,15.1173,1.2810,,coarse_only_seed42
1BB002,BridgeRefine-L1,BridgeRefine-L1,42,170,0.7861,19.2387,0.1172,0.8360,16.2653,0.9374,,bridgerefine_l1_seed42
1BB002,BridgeRefine-L1-seed123,BridgeRefine-L1,123,170,0.7902,19.29,0.1211,0.8383,16.25,0.9697,,bridgerefine_l1_seed123
1BB002,BridgeRefine-L1-seed2026,BridgeRefine-L1,2026,170,0.7893,19.31,0.1170,0.8387,16.38,0.9300,,bridgerefine_l1_seed2026
1BB002,SelfRDB,SelfRDB,,170,0.5619,15.5884,0.1838,0.7256,12.6738,3.2846,bb2a1dbf0fd5f6c8fa6dfaded91b79f54fd17f570da1d1ce4c73202b2ba81978,selfrdb
1BB002,BridgeGAN,BridgeGAN,,170,0.7726,18.2225,0.0706,0.8247,15.2082,1.4384,93eea86e4625c4903948cc05d45f4bace51ecf9b25bc33ad8d2be6621cb111fc,bridgegan
1BB002,SynDiff,SynDiff,,,0.6547,17.0253,0.1186,0.7727,14.3152,1.5173,e7d1de66a750a01c3f92fb633f3e605ba85bc7303859803d930486d0bd0df841,syndiff
1BB002,MG-CycleGAN,MG-CycleGAN,,,0.7301,17.9580,0.0769,0.8110,14.9349,1.2371,e51e109c2eec3412f82d278b462558887f0a34bc89dffe01676f924bc9b0a211,mg_cyclegan
1BB003,CT-only,CT-only,42,194,0.7539,18.3832,0.1363,0.8166,15.4743,0.8436,,ct_only_seed42
1BB003,coarse-only,coarse-only,42,194,0.7286,17.3642,0.1893,0.7872,14.4190,1.5016,,coarse_only_seed42
1BB003,BridgeRefine-L1,BridgeRefine-L1,42,194,0.7650,18.2991,0.1344,0.8209,15.3334,1.1191,,bridgerefine_l1_seed42
1BB003,BridgeRefine-L1-seed123,BridgeRefine-L1,123,194,0.7678,18.31,0.1377,0.8239,15.41,1.1875,,bridgerefine_l1_seed123
1BB003,BridgeRefine-L1-seed2026,BridgeRefine-L1,2026,194,0.7681,18.52,0.1294,0.8251,15.66,1.1311,,bridgerefine_l1_seed2026
1BB003,SelfRDB,SelfRDB,,194,0.5446,15.1064,0.2070,0.7280,12.1314,3.7117,bb2a1dbf0fd5f6c8fa6dfaded91b79f54fd17f570da1d1ce4c73202b2ba81978,selfrdb
1BB003,BridgeGAN,BridgeGAN,,194,0.7449,17.3197,0.0906,0.8105,14.4883,1.6434,93eea86e4625c4903948cc05d45f4bace51ecf9b25bc33ad8d2be6621cb111fc,bridgegan
1BB003,SynDiff,SynDiff,,,0.6696,16.8003,0.1210,0.7826,14.2695,1.7847,e7d1de66a750a01c3f92fb633f3e605ba85bc7303859803d930486d0bd0df841,syndiff
1BB003,MG-CycleGAN,MG-CycleGAN,,,0.7282,17.2601,0.1101,0.8024,14.6263,1.1597,e51e109c2eec3412f82d278b462558887f0a34bc89dffe01676f924bc9b0a211,mg_cyclegan
1BB008,CT-only,CT-only,42,178,0.7272,18.1902,0.1293,0.7979,15.1428,0.7597,,ct_only_seed42
1BB008,coarse-only,coarse-only,42,178,0.7027,17.5511,0.1702,0.7688,14.4797,1.2628,,coarse_only_seed42
1BB008,BridgeRefine-L1,BridgeRefine-L1,42,178,0.7545,18.5311,0.1206,0.8085,15.4735,0.8790,,bridgerefine_l1_seed42
1BB008,BridgeRefine-L1-seed123,BridgeRefine-L1,123,178,0.7509,18.28,0.1242,0.8057,15.22,0.9233,,bridgerefine_l1_seed123
1BB008,BridgeRefine-L1-seed2026,BridgeRefine-L1,2026,178,0.7452,18.45,0.1190,0.8086,15.41,0.8840,,bridgerefine_l1_seed2026
1BB008,SelfRDB,SelfRDB,,178,0.5400,15.3096,0.1839,0.7066,12.2837,3.2851,bb2a1dbf0fd5f6c8fa6dfaded91b79f54fd17f570da1d1ce4c73202b2ba81978,selfrdb
1BB008,BridgeGAN,BridgeGAN,,178,0.7315,17.3156,0.0731,0.7938,14.2448,1.3724,93eea86e4625c4903948cc05d45f4bace51ecf9b25bc33ad8d2be6621cb111fc,bridgegan
1BB008,SynDiff,SynDiff,,,0.6298,16.6231,0.1151,0.7517,13.5818,1.5620,e7d1de66a750a01c3f92fb633f3e605ba85bc7303859803d930486d0bd0df841,syndiff
1BB008,MG-CycleGAN,MG-CycleGAN,,,0.7254,17.3666,0.0735,0.7886,14.2845,1.1172,e51e109c2eec3412f82d278b462558887f0a34bc89dffe01676f924bc9b0a211,mg_cyclegan
1BB200,CT-only,CT-only,42,189,0.7621,18.5065,0.1400,0.8294,15.1578,0.8638,,ct_only_seed42
1BB200,coarse-only,coarse-only,42,189,0.7396,17.8760,0.1752,0.8036,14.4984,1.3752,,coarse_only_seed42
1BB200,BridgeRefine-L1,BridgeRefine-L1,42,189,0.7706,18.6605,0.1325,0.8336,15.3368,0.9817,,bridgerefine_l1_seed42
1BB200,BridgeRefine-L1-seed123,BridgeRefine-L1,123,189,0.7695,18.53,0.1365,0.8353,15.23,0.9944,,bridgerefine_l1_seed123
1BB200,BridgeRefine-L1-seed2026,BridgeRefine-L1,2026,189,0.7703,18.60,0.1315,0.8339,15.27,0.9564,,bridgerefine_l1_seed2026
1BB200,SelfRDB,SelfRDB,,189,0.5527,15.5001,0.2076,0.7454,12.1629,3.7043,bb2a1dbf0fd5f6c8fa6dfaded91b79f54fd17f570da1d1ce4c73202b2ba81978,selfrdb
1BB200,BridgeGAN,BridgeGAN,,189,0.7564,17.6474,0.0852,0.8237,14.2522,1.5176,93eea86e4625c4903948cc05d45f4bace51ecf9b25bc33ad8d2be6621cb111fc,bridgegan
1BB200,SynDiff,SynDiff,,,0.6792,17.0985,0.1326,0.7937,13.7874,1.7137,e7d1de66a750a01c3f92fb633f3e605ba85bc7303859803d930486d0bd0df841,syndiff
1BB200,MG-CycleGAN,MG-CycleGAN,,,0.7208,17.6416,0.0860,0.8154,14.3028,1.2703,e51e109c2eec3412f82d278b462558887f0a34bc89dffe01676f924bc9b0a211,mg_cyclegan
1BB205,CT-only,CT-only,42,218,0.7204,17.7632,0.1731,0.8107,14.5929,0.8720,,ct_only_seed42
1BB205,coarse-only,coarse-only,42,218,0.6911,16.7303,0.2267,0.7801,13.5737,1.5564,,coarse_only_seed42
1BB205,BridgeRefine-L1,BridgeRefine-L1,42,218,0.7307,17.8070,0.1748,0.8149,14.4799,1.0784,,bridgerefine_l1_seed42
1BB205,BridgeRefine-L1-seed123,BridgeRefine-L1,123,218,0.7292,17.71,0.1798,0.8155,14.48,1.1642,,bridgerefine_l1_seed123
1BB205,BridgeRefine-L1-seed2026,BridgeRefine-L1,2026,218,0.7308,17.90,0.1750,0.8164,14.65,1.0512,,bridgerefine_l1_seed2026
1BB205,SelfRDB,SelfRDB,,218,0.5267,14.7183,0.2348,0.7268,11.5566,3.8869,bb2a1dbf0fd5f6c8fa6dfaded91b79f54fd17f570da1d1ce4c73202b2ba81978,selfrdb
1BB205,BridgeGAN,BridgeGAN,,218,0.7164,16.9053,0.1239,0.8046,13.7502,1.5946,93eea86e4625c4903948cc05d45f4bace51ecf9b25bc33ad8d2be6621cb111fc,bridgegan
1BB205,SynDiff,SynDiff,,,0.6645,16.4918,0.1545,0.7784,13.5985,1.8833,e7d1de66a750a01c3f92fb633f3e605ba85bc7303859803d930486d0bd0df841,syndiff
1BB205,MG-CycleGAN,MG-CycleGAN,,,0.6922,16.8768,0.1353,0.7981,13.6111,1.2485,e51e109c2eec3412f82d278b462558887f0a34bc89dffe01676f924bc9b0a211,mg_cyclegan
1BC007,CT-only,CT-only,42,184,0.8127,20.3230,0.1223,0.8519,17.4596,0.8448,,ct_only_seed42
1BC007,coarse-only,coarse-only,42,184,0.7837,19.7813,0.1740,0.8248,16.9035,1.2335,,coarse_only_seed42
1BC007,BridgeRefine-L1,BridgeRefine-L1,42,184,0.8170,20.8780,0.1221,0.8537,17.9978,0.9282,,bridgerefine_l1_seed42
1BC007,BridgeRefine-L1-seed123,BridgeRefine-L1,123,184,0.8168,20.92,0.1192,0.8545,18.05,0.9740,,bridgerefine_l1_seed123
1BC007,BridgeRefine-L1-seed2026,BridgeRefine-L1,2026,184,0.8203,20.54,0.1148,0.8579,17.74,0.9418,,bridgerefine_l1_seed2026
1BC007,SelfRDB,SelfRDB,,184,0.5746,16.8198,0.2200,0.7490,13.9874,3.6028,bb2a1dbf0fd5f6c8fa6dfaded91b79f54fd17f570da1d1ce4c73202b2ba81978,selfrdb
1BC007,BridgeGAN,BridgeGAN,,184,0.8075,19.6001,0.0672,0.8474,16.7462,1.5054,93eea86e4625c4903948cc05d45f4bace51ecf9b25bc33ad8d2be6621cb111fc,bridgegan
1BC007,SynDiff,SynDiff,,,0.7413,19.0231,0.1232,0.8111,16.3976,1.5326,e7d1de66a750a01c3f92fb633f3e605ba85bc7303859803d930486d0bd0df841,syndiff
1BC007,MG-CycleGAN,MG-CycleGAN,,,0.8029,19.5819,0.0671,0.8465,16.6500,1.3381,e51e109c2eec3412f82d278b462558887f0a34bc89dffe01676f924bc9b0a211,mg_cyclegan
1BC014,CT-only,CT-only,42,186,0.7269,18.7275,0.1755,0.7940,15.7956,0.6786,,ct_only_seed42
1BC014,coarse-only,coarse-only,42,186,0.6981,17.7775,0.2208,0.7609,14.8325,1.3020,,coarse_only_seed42
1BC014,BridgeRefine-L1,BridgeRefine-L1,42,186,0.7284,18.5013,0.1823,0.7873,15.5550,0.9173,,bridgerefine_l1_seed42
1BC014,BridgeRefine-L1-seed123,BridgeRefine-L1,123,186,0.7276,18.30,0.1783,0.7884,15.32,0.9910,,bridgerefine_l1_seed123
1BC014,BridgeRefine-L1-seed2026,BridgeRefine-L1,2026,186,0.7321,18.42,0.1788,0.7941,15.58,0.9177,,bridgerefine_l1_seed2026
1BC014,SelfRDB,SelfRDB,,186,0.5326,15.6633,0.2326,0.7119,12.8433,3.3892,bb2a1dbf0fd5f6c8fa6dfaded91b79f54fd17f570da1d1ce4c73202b2ba81978,selfrdb
1BC014,BridgeGAN,BridgeGAN,,186,0.7250,17.3756,0.1109,0.7853,14.5040,1.2991,93eea86e4625c4903948cc05d45f4bace51ecf9b25bc33ad8d2be6621cb111fc,bridgegan
1BC014,SynDiff,SynDiff,,,0.6727,17.2261,0.1688,0.7654,14.4063,1.4144,e7d1de66a750a01c3f92fb633f3e605ba85bc7303859803d930486d0bd0df841,syndiff
1BC014,MG-CycleGAN,MG-CycleGAN,,,0.7359,18.1774,0.0943,0.8003,15.1716,0.9491,e51e109c2eec3412f82d278b462558887f0a34bc89dffe01676f924bc9b0a211,mg_cyclegan
1BC050,CT-only,CT-only,42,165,0.8171,20.3640,0.1206,0.8541,17.1433,0.8348,,ct_only_seed42
1BC050,coarse-only,coarse-only,42,165,0.7894,19.6213,0.1725,0.8275,16.4344,1.1955,,coarse_only_seed42
1BC050,BridgeRefine-L1,BridgeRefine-L1,42,165,0.8228,20.6780,0.1179,0.8577,17.4937,0.8898,,bridgerefine_l1_seed42
1BC050,BridgeRefine-L1-seed123,BridgeRefine-L1,123,165,0.8234,20.38,0.1153,0.8587,17.17,0.9536,,bridgerefine_l1_seed123
1BC050,BridgeRefine-L1-seed2026,BridgeRefine-L1,2026,165,0.8271,20.69,0.1082,0.8628,17.51,0.9231,,bridgerefine_l1_seed2026
1BC050,SelfRDB,SelfRDB,,165,0.5803,16.8224,0.2036,0.7483,13.7718,3.4863,bb2a1dbf0fd5f6c8fa6dfaded91b79f54fd17f570da1d1ce4c73202b2ba81978,selfrdb
1BC050,BridgeGAN,BridgeGAN,,165,0.8115,19.5223,0.0589,0.8493,16.3277,1.4488,93eea86e4625c4903948cc05d45f4bace51ecf9b25bc33ad8d2be6621cb111fc,bridgegan
1BC050,SynDiff,SynDiff,,,0.7412,18.9535,0.1150,0.8104,15.8567,1.5041,e7d1de66a750a01c3f92fb633f3e605ba85bc7303859803d930486d0bd0df841,syndiff
1BC050,MG-CycleGAN,MG-CycleGAN,,,0.8045,19.4282,0.0581,0.8473,16.2161,1.3233,e51e109c2eec3412f82d278b462558887f0a34bc89dffe01676f924bc9b0a211,mg_cyclegan
1BC066,CT-only,CT-only,42,174,0.7958,18.5096,0.1336,0.8313,15.4426,0.8410,,ct_only_seed42
1BC066,coarse-only,coarse-only,42,174,0.7679,18.0407,0.1815,0.8012,14.9322,1.2850,,coarse_only_seed42
1BC066,BridgeRefine-L1,BridgeRefine-L1,42,174,0.7982,18.6713,0.1305,0.8301,15.5693,0.9253,,bridgerefine_l1_seed42
1BC066,BridgeRefine-L1-seed123,BridgeRefine-L1,123,174,0.7988,18.52,0.1262,0.8304,15.43,0.9690,,bridgerefine_l1_seed123
1BC066,BridgeRefine-L1-seed2026,BridgeRefine-L1,2026,174,0.7922,18.44,0.1261,0.8270,15.38,0.9488,,bridgerefine_l1_seed2026
1BC066,SelfRDB,SelfRDB,,174,0.5606,15.6269,0.2123,0.7215,12.6316,3.6742,bb2a1dbf0fd5f6c8fa6dfaded91b79f54fd17f570da1d1ce4c73202b2ba81978,selfrdb
1BC066,BridgeGAN,BridgeGAN,,174,0.7819,17.6930,0.0830,0.8181,14.6376,1.4752,93eea86e4625c4903948cc05d45f4bace51ecf9b25bc33ad8d2be6621cb111fc,bridgegan
1BC066,SynDiff,SynDiff,,,0.7426,18.0728,0.1291,0.8031,15.0781,1.6018,e7d1de66a750a01c3f92fb633f3e605ba85bc7303859803d930486d0bd0df841,syndiff
1BC066,MG-CycleGAN,MG-CycleGAN,,,0.7706,17.7167,0.0839,0.8155,14.6993,1.2934,e51e109c2eec3412f82d278b462558887f0a34bc89dffe01676f924bc9b0a211,mg_cyclegan
1BC080,CT-only,CT-only,42,170,0.8135,19.2666,0.1168,0.8459,16.4871,1.0215,,ct_only_seed42
1BC080,coarse-only,coarse-only,42,170,0.7791,18.5139,0.1607,0.8160,15.8586,1.5448,,coarse_only_seed42
1BC080,BridgeRefine-L1,BridgeRefine-L1,42,170,0.8087,19.1719,0.1160,0.8411,16.4026,1.1233,,bridgerefine_l1_seed42
1BC080,BridgeRefine-L1-seed123,BridgeRefine-L1,123,170,0.8151,19.22,0.1148,0.8455,16.57,1.1878,,bridgerefine_l1_seed123
1BC080,BridgeRefine-L1-seed2026,BridgeRefine-L1,2026,170,0.8024,18.82,0.1177,0.8364,15.93,1.1597,,bridgerefine_l1_seed2026
1BC080,SelfRDB,SelfRDB,,170,0.5639,15.8863,0.2220,0.7317,12.9638,4.2812,bb2a1dbf0fd5f6c8fa6dfaded91b79f54fd17f570da1d1ce4c73202b2ba81978,selfrdb
1BC080,BridgeGAN,BridgeGAN,,170,0.7897,18.1818,0.1012,0.8272,15.6442,1.7015,93eea86e4625c4903948cc05d45f4bace51ecf9b25bc33ad8d2be6621cb111fc,bridgegan
1BC080,SynDiff,SynDiff,,,0.7649,18.4909,0.1210,0.8226,16.0503,1.8429,e7d1de66a750a01c3f92fb633f3e605ba85bc7303859803d930486d0bd0df841,syndiff
1BC080,MG-CycleGAN,MG-CycleGAN,,,0.7798,18.0909,0.1027,0.8226,15.3014,1.5560,e51e109c2eec3412f82d278b462558887f0a34bc89dffe01676f924bc9b0a211,mg_cyclegan
