case_id,split,array_index,source_slice_index,orientation
1BC014,test,0,5,axial
1BC014,test,1,6,axial
1BC014,test,2,7,axial
1BC014,test,3,8,axial
1BC014,test,4,9,axial
1BC014,test,5,10,axial
1BC014,test,6,11,axial
1BC014,test,7,12,axial
1BC014,test,8,13,axial
1BC014,test,9,14,axial
1BC014,test,10,15,axial
1BC014,test,11,16,axial
1BC014,test,12,17,axial
1BC014,test,13,18,axial
1BC014,test,14,19,axial
1BC014,test,15,20,axial
1BC014,test,16,21,axial
1BC014,test,17,22,axial
1BC014,test,18,23,axial
1BC014,test,19,24,axial
1BC014,test,20,25,axial
1BC014,test,21,26,axial
1BC014,test,22,27,axial
1BC014,test,23,28,axial
1BC014,test,24,29,axial
1BC014,test,25,30,axial
1BC014,test,26,31,axial
1BC014,test,27,32,axial
1BC014,test,28,33,axial
1BC014,test,29,34,axial
1BC014,test,30,35,axial
1BC014,test,31,36,axial
1BC014,test,32,37,axial
1BC014,test,33,38,axial
1BC014,test,34,39,axial
1BC014,test,35,40,axial
1BC014,test,36,41,axial
1BC014,test,37,42,axial
1BC014,test,38,43,axial
1BC014,test,39,44,axial
1BC014,test,40,45,axial
1BC014,test,41,46,axial
1BC014,test,42,47,axial
1BC014,test,43,48,axial
1BC014,test,44,49,axial
1BC014,test,45,50,axial
1BC014,test,46,51,axial
1BC014,test,47,52,axial
1BC014,test,48,53,axial
1BC014,test,49,54,axial
1BC014,test,50,55,axial
1BC014,test,51,56,axial
1BC014,test,52,57,axial
1BC014,test,53,58,axial
1BC014,test,54,59,axial
1BC014,test,55,60,axial
1BC014,test,56,61,axial
1BC014,test,57,62,axial
1BC014,test,58,63,axial
1BC014,test,59,64,axial
1BC014,test,60,65,axial
1BC014,test,61,66,axial
1BC014,test,62,67,axial
1BC014,test,63,68,axial
1BC014,test,64,69,axial
1BC014,test,65,70,axial
1BC014,test,66,71,axial
1BC014,test,67,72,axial
1BC014,test,68,73,axial
1BC014,test,69,74,axial
1BC014,test,70,75,axial
1BC014,test,71,76,axial
1BC014,test,72,77,axial
1BC014,test,73,78,axial
1BC014,test,74,79,axial
1BC014,test,75,80,axial
1BC014,test,76,81,axial
1BC014,test,77,82,axial
1BC014,test,78,83,axial
1BC014,test,79,84,axial
1BC014,test,80,85,axial
1BC014,test,81,86,axial
1BC014,test,82,87,axial
1BC014,test,83,88,axial
1BC014,test,84,89,axial
1BC014,test,85,90,axial
1BC014,test,86,91,axial
1BC014,test,87,92,axial
1BC014,test,88,93,axial
1BC014,test,89,94,axial
1BC014,test,90,95,axial
1BC014,test,91,96,axial
1BC014,test,92,97,axial
1BC014,test,93,98,axial
1BC014,test,94,99,axial
1BC014,test,95,100,axial
1BC014,test,96,101,axial
1BC014,test,97,102,axial
1BC014,test,98,103,axial
1BC014,test,99,104,axial
1BC014,test,100,105,axial
1BC014,test,101,106,axial
1BC014,test,102,107,axial
1BC014,test,103,108,axial
1BC014,test,104,109,axial
1BC014,test,105,110,axial
1BC014,test,106,111,axial
1BC014,test,107,112,axial
1BC014,test,108,113,axial
1BC014,test,109,114,axial
1BC014,test,110,115,axial
1BC014,test,111,116,axial
1BC014,test,112,117,axial
1BC014,test,113,118,axial
1BC014,test,114,119,axial
1BC014,test,115,120,axial
1BC014,test,116,121,axial
1BC014,test,117,122,axial
1BC014,test,118,123,axial
1BC014,test,119,124,axial
1BC014,test,120,125,axial
1BC014,test,121,126,axial
1BC014,test,122,127,axial
1BC014,test,123,128,axial
1BC014,test,124,129,axial
1BC014,test,125,130,axial
1BC014,test,126,131,axial
1BC014,test,127,132,axial
1BC014,test,128,133,axial
1BC014,test,129,134,axial
1BC014,test,130,135,axial
1BC014,test,131,136,axial
1BC014,test,132,137,axial
1BC014,test,133,138,axial
1BC014,test,134,139,axial
1BC014,test,135,140,axial
1BC014,test,136,141,axial
1BC014,test,137,142,axial
1BC014,test,138,143,axial
1BC014,test,139,144,axial
1BC014,test,140,145,axial
1BC014,test,141,146,axial
1BC014,test,142,147,axial
1BC014,test,143,148,axial
1BC014,test,144,149,axial
1BC014,test,145,150,axial
1BC014,test,146,151,axial
1BC014,test,147,152,axial
1BC014,test,148,153,axial
1BC014,test,149,154,axial
1BC014,test,150,155,axial
1BC014,test,151,156,axial
1BC014,test,152,157,axial
1BC014,test,153,158,axial
1BC014,test,154,159,axial
1BC014,test,155,160,axial
1BC014,test,156,161,axial
1BC014,test,157,162,axial
1BC014,test,158,163,axial
1BC014,test,159,164,axial
1BC014,test,160,165,axial
1BC014,test,161,166,axial
1BC014,test,162,167,axial
1BC014,test,163,168,axial
1BC014,test,164,169,axial
1BC014,test,165,170,axial
1BC014,test,166,171,axial
1BC014,test,167,172,axial
1BC014,test,168,173,axial
1BC014,test,169,174,axial
1BC014,test,170,175,axial
1BC014,test,171,176,axial
1BC014,test,172,177,axial
1BC014,test,173,178,axial
1BC014,test,174,179,axial
1BC014,test,175,180,axial
1BC014,test,176,181,axial
1BC014,test,177,182,axial
1BC014,test,178,183,axial
1BC014,test,179,184,axial
1BC014,test,180,185,axial
1BC014,test,181,186,axial
1BC014,test,182,187,axial
1BC014,test,183,188,axial
1BC014,test,184,189,axial
1BC014,test,185,190,axial
