patient,CT-only_ssim,CT-only_psnr,CT-only_mssim,CT-only_mpsnr,CT-only_lpips,CT-only_imad_ratio,BridgeRefine-L1_ssim,BridgeRefine-L1_psnr,BridgeRefine-L1_mssim,BridgeRefine-L1_mpsnr,BridgeRefine-L1_lpips,BridgeRefine-L1_imad_ratio
1BA012,0.8594,20.4401,0.8851,19.8272,0.1260,0.8515,0.8769,21.3830,0.8954,20.6913,0.1112,1.0247
1BA091,0.8626,21.6756,0.8927,20.7848,0.1157,0.8245,0.8687,21.7083,0.8923,20.8323,0.1097,0.9314
1BA100,0.8572,20.0090,0.8789,17.9290,0.1200,0.8843,0.8696,20.2528,0.8861,18.1771,0.1166,0.9843
1BA116,0.8329,20.0964,0.8574,19.2048,0.1442,0.7744,0.8457,20.1715,0.8660,19.2099,0.1433,0.9563
1BA184,0.8518,20.0182,0.8837,16.8714,0.1176,0.9354,0.8530,19.6377,0.8786,16.3843,0.1206,1.0654
1BA222,0.8743,21.9979,0.9041,21.0900,0.1057,0.8790,0.8826,22.1585,0.9064,21.2346,0.1034,0.9448
1BA256,0.8721,21.8912,0.9008,19.2190,0.1054,0.8532,0.8742,21.7041,0.8987,19.1221,0.1066,0.9580
1BA328,0.8578,20.7499,0.8887,18.5042,0.1095,0.9278,0.8657,20.8332,0.8928,18.4060,0.1034,1.0039
1BB002,0.7726,18.9516,0.8266,15.9951,0.1250,0.8569,0.7849,19.1919,0.8352,16.2219,0.1179,0.9728
1BB003,0.7539,18.3832,0.8166,15.4743,0.1363,0.8436,0.7641,18.3004,0.8213,15.2994,0.1354,1.1149
1BB008,0.7272,18.1902,0.7979,15.1428,0.1293,0.7597,0.7519,18.4530,0.8065,15.4028,0.1210,0.9347
1BB200,0.7621,18.5065,0.8294,15.1578,0.1400,0.8638,0.7697,18.6328,0.8333,15.3101,0.1328,1.0000
1BB205,0.7204,17.7632,0.8107,14.5929,0.1731,0.8720,0.7266,17.7376,0.8118,14.3982,0.1765,1.1593
1BC007,0.8127,20.3230,0.8519,17.4596,0.1223,0.8448,0.8156,20.7864,0.8527,17.9400,0.1235,0.9483
1BC014,0.7269,18.7275,0.7940,15.7956,0.1755,0.6786,0.7307,18.5105,0.7888,15.5405,0.1812,1.0135
1BC050,0.8171,20.3640,0.8541,17.1433,0.1206,0.8348,0.8211,20.6185,0.8566,17.4417,0.1188,0.9213
1BC066,0.7958,18.5096,0.8313,15.4426,0.1336,0.8410,0.7970,18.6398,0.8293,15.5507,0.1306,0.9435
1BC080,0.8135,19.2666,0.8459,16.4871,0.1168,1.0215,0.8061,19.1177,0.8393,16.2617,0.1170,1.1439
