patient,CT-only,coarse-only,BridgeRefine-L1,BridgeRefine-L1-seed123,BridgeRefine-L1-seed2026
1BA012,0.8594,0.8469,0.8784,0.8772,0.8745
1BA091,0.8626,0.8399,0.8705,0.8733,0.8574
1BA100,0.8572,0.8328,0.8700,0.8643,0.8583
1BA116,0.8329,0.8199,0.8473,0.8453,0.8357
1BA184,0.8518,0.8156,0.8560,0.8553,0.8514
1BA222,0.8743,0.8442,0.8834,0.8841,0.8836
1BA256,0.8721,0.8388,0.8757,0.8766,0.8653
1BA328,0.8578,0.8204,0.8671,0.8645,0.8610
1BB002,0.7726,0.7433,0.7861,0.7902,0.7893
1BB003,0.7539,0.7286,0.7650,0.7678,0.7681
1BB008,0.7272,0.7027,0.7545,0.7509,0.7452
1BB200,0.7621,0.7396,0.7706,0.7695,0.7703
1BB205,0.7204,0.6911,0.7307,0.7292,0.7308
1BC007,0.8127,0.7837,0.8170,0.8168,0.8203
1BC014,0.7269,0.6981,0.7284,0.7276,0.7321
1BC050,0.8171,0.7894,0.8228,0.8234,0.8271
1BC066,0.7958,0.7679,0.7982,0.7988,0.7922
1BC080,0.8135,0.7791,0.8087,0.8151,0.8024
