patient,SelfRDB_ssim,SelfRDB_psnr,SelfRDB_mssim,SelfRDB_mpsnr,SynDiff_ssim,SynDiff_psnr,SynDiff_mssim,SynDiff_mpsnr,MG-CycleGAN_ssim,MG-CycleGAN_psnr,MG-CycleGAN_mssim,MG-CycleGAN_mpsnr,BridgeGAN_ssim,BridgeGAN_psnr,BridgeGAN_mssim,BridgeGAN_mpsnr,Bridge+L1UNet_ssim,Bridge+L1UNet_psnr,Bridge+L1UNet_mssim,Bridge+L1UNet_mpsnr
1BA012,0.6327,17.6286,0.7845,15.5989,0.8198,19.5048,0.8639,19.2719,0.8473,20.1259,0.8777,19.1777,0.8702,20.6436,0.8890,19.9747,0.8784,21.4633,0.8968,20.7563
1BA091,0.6344,17.6530,0.7860,15.6402,0.8252,20.0802,0.8736,19.4798,0.8298,20.3671,0.8683,19.3021,0.8541,20.6558,0.8793,19.8271,0.8705,21.7801,0.8941,21.0450
1BA100,0.6305,16.9372,0.7769,14.5690,0.8132,18.8471,0.8555,17.1391,0.8405,19.2954,0.8681,17.2895,0.8688,19.7070,0.8854,17.9515,0.8700,20.2722,0.8867,18.2130
1BA116,0.5999,17.1007,0.7626,14.5741,0.7876,18.7413,0.8331,18.0065,0.8194,19.4636,0.8533,18.1287,0.8446,19.7390,0.8651,18.7510,0.8473,20.3090,0.8672,19.3132
1BA184,0.6147,16.7394,0.7814,13.7577,0.7926,18.0513,0.8456,14.9156,0.8235,18.7755,0.8615,15.5345,0.8347,18.7909,0.8653,15.6037,0.8560,19.8806,0.8813,16.6322
1BA222,0.6346,17.9156,0.8068,15.5015,0.8270,20.3840,0.8793,19.5940,0.8488,20.5784,0.8869,19.1351,0.8676,20.8089,0.8952,19.7601,0.8834,22.1823,0.9071,21.1335
1BA256,0.6252,17.9155,0.7997,14.8265,0.8199,20.0037,0.8708,17.5757,0.8451,20.7375,0.8827,17.8299,0.8539,20.5398,0.8846,17.8541,0.8757,21.8621,0.9004,19.3444
1BA328,0.6292,16.9497,0.7886,13.9574,0.8056,19.0537,0.8598,16.7478,0.8429,20.0469,0.8785,17.3843,0.8517,19.9482,0.8828,17.5234,0.8671,20.9205,0.8936,18.4676
1BB002,0.5619,15.5884,0.7256,12.6738,0.6547,17.0253,0.7727,14.3152,0.7301,17.9580,0.8110,14.9349,0.7726,18.2225,0.8247,15.2082,0.7861,19.2387,0.8360,16.2653
1BB003,0.5446,15.1064,0.7280,12.1314,0.6696,16.8003,0.7826,14.2695,0.7282,17.2601,0.8024,14.6263,0.7449,17.3197,0.8105,14.4883,0.7650,18.2991,0.8209,15.3334
1BB008,0.5400,15.3096,0.7066,12.2837,0.6298,16.6231,0.7517,13.5818,0.7254,17.3666,0.7886,14.2845,0.7315,17.3156,0.7938,14.2448,0.7545,18.5311,0.8085,15.4735
1BB200,0.5527,15.5001,0.7454,12.1629,0.6792,17.0985,0.7937,13.7874,0.7208,17.6416,0.8154,14.3028,0.7564,17.6474,0.8237,14.2522,0.7706,18.6605,0.8336,15.3368
1BB205,0.5267,14.7183,0.7268,11.5566,0.6645,16.4918,0.7784,13.5985,0.6922,16.8768,0.7981,13.6111,0.7164,16.9053,0.8046,13.7502,0.7307,17.8070,0.8149,14.4799
1BC007,0.5746,16.8198,0.7490,13.9874,0.7413,19.0231,0.8111,16.3976,0.8029,19.5819,0.8465,16.6500,0.8075,19.6001,0.8474,16.7462,0.8170,20.8780,0.8537,17.9978
1BC014,0.5326,15.6633,0.7119,12.8433,0.6727,17.2261,0.7654,14.4063,0.7359,18.1774,0.8003,15.1716,0.7250,17.3756,0.7853,14.5040,0.7284,18.5013,0.7873,15.5550
1BC050,0.5803,16.8224,0.7483,13.7718,0.7412,18.9535,0.8104,15.8567,0.8045,19.4282,0.8473,16.2161,0.8115,19.5223,0.8493,16.3277,0.8228,20.6780,0.8577,17.4937
1BC066,0.5606,15.6269,0.7215,12.6316,0.7426,18.0728,0.8031,15.0781,0.7706,17.7167,0.8155,14.6993,0.7819,17.6930,0.8181,14.6376,0.7982,18.6713,0.8301,15.5693
1BC080,0.5639,15.8863,0.7317,12.9638,0.7649,18.4909,0.8226,16.0503,0.7798,18.0909,0.8226,15.3014,0.7897,18.1818,0.8272,15.6442,0.8087,19.1719,0.8411,16.4026
